use GeziBLog

go


        INSERT INTO yazilar(yazi_id,baslik,ozet,icerik,olusturma_tarihi,guncelleme_tarihi,yayimlama_tarihi,kul_id)
		    VALUES(1,'IZMIR SAAT KULESI','izmir yolculugunda yemek yedik.','Ýzmir saat kulesine gitmeye karar verdik. Mersin’den kendi arabamýz ile yola çýktýk.
			Akþam üzeri 22’de yola çýktýk sabah 8 gibi Ýzmir’deydik. Ýzmir’de gitmek istediðimiz belki de tek yer sat kulesi idi.
			Çünkü daha önce çoðu kez Ýzmir’e gelmiþtik. Ama bir türlü saat kulesine gidememiþtik. Tüm ihtiþamý ile saat kulesi karþýmýzda duruyordu. 
			Saat Kulesi’nin etrafý beyaz mermerden, diðer bölümleri kesme taþtan yapýlmýþtý. Üçer çeþmesi ile kurnasý, ortasýnda da fýskiyeleri de vardýr. 
			Ay yýldýz kabartmalar mükemmel ötesiydi. Gerçekten beklediðim kadarýyla vardý. Ýzmir Saat Kulesi kendisinden bekleneni vermiþti bana göre birde, 
			çok þaþýrdým noktasý yapýldýðý günden bu yana sadece bir kere durmuþtur.
		Oda depremden dolayý daha sonra onarýlmýþ ve çalýþmaya devam etmiþtir.','12-4-2021','12-8-2021','12-19-2021',1)
	   INSERT INTO yazilar(yazi_id,baslik,ozet,icerik,olusturma_tarihi,guncelleme_tarihi,yayimlama_tarihi,kul_id)
	       VALUES(2,'MARMARIS KALESI','marmarisi gezdik','Marmaris Kalesi’ne gidelim.
		   Marmaris’in tarih kokan pek fazla kiþinin bilmediði Marmaris Kalesi’ni gezme fýrsatý buldum. 
		   Bu kaleyi daha önce bir film sahnesinde görmüþtüm. Kalede toplam 18 adet oda, bir ark ve çeþme bulunmaktadýr. 
		   Kalenin 7 tane kapalý alaný vardýr. Bunlarda 2 tanesi arkeoloji salonu ve 1 tanesi de etnoðrafya salonu olarak düzenlenmiþtir.
		   Bu arada kalan bölümler ise sanat galerisi ve depo olarak kullanýlmaktadýr','12-16-2021','12-17-2021','12-18-2021',2)
	   INSERT INTO yazilar(yazi_id,baslik,ozet,icerik,olusturma_tarihi,guncelleme_tarihi,yayimlama_tarihi,kul_id)
	       VALUES(3,'GAZIANTEP','GAZIANTEP gezisinden bahsettik','Gerçekten de Türkiye’nin her bölgesi gibi Gaziantep’te mükemmel bir þehir.
		   Bu þehre geldiðiniz zaman yapabileceðiniz o kadar þey var ki, hangisini yapabileceðinize karar veremeden saatin gece olduðunun farkýna bile varmazsýnýz.
		   Peki Gaziantep’te neler yaptým.Öncelikle þehrin ortasýnda onlarca otelden birinde konakladým.
		   Ve ardýndan sabah vaktinde burada gelenekselleþmiþ olan Beyran kahvaltýsýný yaptým.
		   Beydan, bir çeþit etli ve pilavlý çorba olarak da düþünebileceðiniz bir yemek.
		   Bunu kahvaltýda tüketmek enerji vermekle birlikte daha lezzetli olduðu için biz de sabah yedik.
		   Beyrandan sonra sýrada tatlý var. Mükemmel bir katmeri tek baþýnýza yemenizi tavsiye ederiz.Tarihi camileride gezdik.
		   Çünkü bir daha bu kadar lezzetli bir katmeri baþka yerde bulamayabilirsiniz.','12-6-2021','12-8-2021','12-11-2021',3)
	   INSERT INTO yazilar(yazi_id,baslik,ozet,icerik,olusturma_tarihi,guncelleme_tarihi,yayimlama_tarihi,kul_id)
	     VALUES(4,'DOLMABAHCE','Dolmabahceyi gezdik.','Dolmabahçe sarayýna gelmiþtik. Gerçekten çok heyecanlýydým.
		 Ýstanbul’un Beþiktaþ ilçesinde yer alýyordu, ulaþýmý ise son derece kolaydý. Hemen gezmek istiyordum. Her yeri adeta tarih kokuyordu.
		 Ýlk olarak öðrendim ki Abdülmecid Han tarafýndan yaptýrýlmýþtý. 
		 Dolmabahçe Sarayý’nýn mimarý ise Balyan ailesidir. Dolmabahçe Sarayý’na giriþ için öncelikle iki büyük saltanat kapýsýndan geçmek gerekiyor. 
		 Sonrasýnda sarayýn içinde 6 tane daha kapý bulunmaktadýr. Saray içerisinde 1 adet asansör bulunmaktadýr. 43 salon, 600 metrelik rýhtýmý, 285 oda ve 6 hamamý vardý.
		 Dolmabahçe Sarayý’nda Türklere özgü sanat motifleri de bulunmaktaydý.
		 Sarayýn dýþ cephesi oldukça sade ve özgündü iç mimarisi ise oldukça renkli, gösteriþli, ve oldukça çekiciydi. 
		 Dolmabahçe Sarayýn iç mimarisi ise rengarenk farklý çiçek motifleriyle süslenmiþ idi.
		 Her desen ve renklerden kaplanmýþtý.','12-4-2021','12-5-2021','12-9-2021',4)
	 INSERT INTO yazilar(yazi_id,baslik,ozet,icerik,olusturma_tarihi,guncelleme_tarihi,yayimlama_tarihi,kul_id)
	      VALUES(5,'TOPKAPI SARAYI','Topkapi sarayini gezdik','opkapý Sarayýna yolculuk. Topkapý Sarayý 1478’de Fatih Sultan Mehmet tarafýndan yaptýrýlmýþtý.
		  380 yýl Osmanlý Ýmparatorluðu’nun idare merkezi olmuþtu. Topkapý sarayý deniz ve karadan girilebilmektedir. Biz deniz yolculuðunu tercih etmiþtik. 
		  Topkapý sarayý iki bölümden oluþmaktaydý, birinci ve ikinci avluda Enderun ve Birun bölümleri vardýr. Avlularda birçok yeri gezdik. 
		  Alay köþkünü, çinili köþkü, lale bahçesini ve daha birçok bölümünü görülmeye deðerdi. 
		  Ýç sarayýnda ise Fatih Köþkü’nü, Hekimbaþý Odasýný,Arz odasýný ve diðer bölümleri fazlasýyla gezdik çok ihtiþamlý ve görülmeye deðer bir yerdi.','12-8-2021','12-9-2021','12-13-2021',5)
	 INSERT INTO yazilar(yazi_id,baslik,ozet,icerik,olusturma_tarihi,guncelleme_tarihi,yayimlama_tarihi,kul_id)
	       VALUES(6,'ROMA','ROMA YAKINLARINDA YEMEK','Ýtalya diðer birçok yönünün yaný sýra yemekleri ile de ünlü bir ülkedir. Ve bu ülkenin en önemli merkezi ise Roma’dýr. 
		   Romayý anlamak için yemek kültürünü iyi tanýmanýz gerekir. 
		   Kuzeyin doyurucu trüf temelli yemeklerinden güneydeki Napoli’nin ünlü pizzalarýna kadar her bölgenin kendi kültürel gelenekleri var ve bu bölge kültürü için çok önemli.
Uzun süredir kurduðum hayallerimden biri de, Ýtalya’nýn benzersiz yiyeceklerini keþfedecek bir hafta geçirmektir. 
Palazzo Tronconi’de kendinizi Ciociaria bölgesinin yemek geleneklerine tam olarak sokabilirsiniz.
Burada þef size en iyi yerel malzemelerden kremalý morina fishcakes ve carbonara gibi yemekleri nasýl hazýrladýðýný gösterecektir. 
Konaklamanýzý, Ýtalya’daki tatil villalarýndaki ve dairelerdeki uzmanlar, Sizin için Rezervasyonlar için Palazzo’da rezervasyon yapabilirsiniz.','12-5-2021','12-6-2021','12-22-2021',6)
	 INSERT INTO yazilar(yazi_id,baslik,ozet,icerik,olusturma_tarihi,guncelleme_tarihi,yayimlama_tarihi,kul_id)
	       VALUES(7,'ORTA GOL','Orta golde bir gun gecirmek','Belki kulaða zor bir etkinlik gibi gelebilir ama Orta Gölü gerçekten de büyüleyici manzarasý ve doðal görüntüsü ile sizleri baþtan çýkaracaktýr.
		   Bakir görüntüsü ve serin suyu ile bu gölde 1 hafta geçirmek sizin için harika bir deneyim olacaktýr. Orta Gölü kýyýsýnda sizleri aðýrlayacak onlarca küçük butik otel mevcuttur.
		   Ayrýca çocuklarýnýz ile de keyifli bir tatil geçirmek isterseniz þehir merkezine yakýn ultra lüks otellerden dilediðinizi de seçebilirsiniz.','12-9-2021','12-11-2021','12-15-2021',7)
		   go


		      INSERT INTO etiket(etiket_id,anahtar_kelime)
          VALUES(1,'KALE')
	INSERT INTO etiket(etiket_id,anahtar_kelime)
	      VALUES(2,'SARAY')
     INSERT INTO etiket(etiket_id,anahtar_kelime)
	      VALUES(3,'KULE')
		 go

        INSERT INTO etiket_yazi(eti_yaz_id,yazi_id,etiket_id)
		      VALUES(1,2,1)
		INSERT INTO etiket_yazi(eti_yaz_id,yazi_id,etiket_id)
		       VALUES(2,5,2)
		INSERT INTO etiket_yazi(eti_yaz_id,yazi_id,etiket_id)
		        VALUES(3,1,3)

				go

				INSERT INTO kategori(kat_id,kat_adi)
				         VALUES(1,'yurtici gezi yazisi')
				INSERT INTO kategori(kat_id,kat_adi)
				          VALUES(2,'yurtdisi gezi yazisi')
				INSERT INTO kategori(kat_id,kat_adi)
				           VALUES(3,'cami gezi yazisi')
go
                INSERT INTO kategori_yazi(kat_yaz_id,yazi_id,kat_id)
				         VALUES(1,4,1)
                INSERT INTO kategori_yazi(kat_yaz_id,yazi_id,kat_id)
				         VALUES(2,6,2)
                INSERT INTO kategori_yazi(kat_yaz_id,yazi_id,kat_id)
                          VALUES(3,3,3)
